{
    "iterations": 500, 
    "learning_rate": 0.023037224373996044, 
    "depth": 12, 
    "l2_leaf_reg": 4.3567134247350685, 
    "loss_function": "RMSE", 
    "random_seed": 114514, 
    "random_strength": 1, 
    "task_type": "GPU"
}
