{
    "iterations": 500, 
    "learning_rate": 0.11927415990548214, 
    "depth": 5, 
    "l2_leaf_reg": 1.6110914516168688, 
    "loss_function": "RMSE", 
    "random_seed": 114514, 
    "random_strength": 1, 
    "task_type": "GPU"
}