
{
    "n_estimators": 100, 
    "criterion": "squared_error", 
    "max_depth": 26, 
    "min_samples_split": 5, 
    "min_samples_leaf": 9, 
    "min_weight_fraction_leaf": 2.7790778472623945e-05, 
    "max_features": 1.0, 
    "max_leaf_nodes": 20, 
    "min_impurity_decrease": 3.7390738345650003e-06, 
    "n_jobs": 16, 
    "random_state": 114514, 
    "verbose": 0.0007115616507437698
}